state_x,state_y,action,q_value
1,0,MOVE_RIGHT,35.81758939213793
2,0,MOVE_RIGHT,35.51440832633783
3,0,MOVE_RIGHT,34.72798727302888
4,0,MOVE_DOWN,35.005188583206504
1,0,MOVE_DOWN,36.00340588319604
1,1,MOVE_DOWN,35.89430618143857
1,2,MOVE_UP,34.73647306141203
1,1,MOVE_RIGHT,35.619493937709684
2,1,MOVE_RIGHT,35.37201459021938
3,1,MOVE_RIGHT,35.28851712090367
1,0,MOVE_LEFT,35.75029306558026
0,0,MOVE_DOWN,36.030537205209214
0,1,MOVE_DOWN,35.916127030415595
0,2,MOVE_DOWN,35.288538928507656
0,3,MOVE_RIGHT,34.89174928459637
1,3,MOVE_UP,35.086751013932826
1,2,MOVE_RIGHT,35.985243445131466
2,2,MOVE_UP,35.63528437329804
1,1,MOVE_LEFT,36.03135503017485
0,1,MOVE_UP,35.75941748968166
0,3,MOVE_DOWN,34.18235862730116
0,4,MOVE_UP,34.324414821352626
1,3,MOVE_RIGHT,34.97899751761585
2,3,MOVE_DOWN,34.35107349488459
2,4,MOVE_RIGHT,33.79804419728747
3,4,MOVE_UP,34.30008387252537
3,3,MOVE_LEFT,34.84120819422586
3,3,MOVE_UP,35.04118841580801
3,2,MOVE_LEFT,35.79739528880643
2,2,MOVE_DOWN,35.638680055592964
2,3,MOVE_RIGHT,34.41645950029831
3,2,MOVE_UP,34.5901153107515
3,1,MOVE_UP,35.36689242255541
3,0,MOVE_DOWN,35.510204908091914
4,0,MOVE_LEFT,34.813925151564334
3,0,MOVE_LEFT,35.57301791196691
2,0,MOVE_LEFT,35.80755934160837
1,2,MOVE_LEFT,35.36655931328621
0,2,MOVE_RIGHT,35.23688069969725
1,2,MOVE_DOWN,35.0305274297328
2,3,MOVE_UP,35.25037269482479
2,2,MOVE_LEFT,34.989934809179815
1,3,MOVE_LEFT,34.66591731847403
0,3,MOVE_UP,34.7843619750719
2,3,MOVE_LEFT,34.83685056524039
1,3,MOVE_DOWN,34.675676976463606
1,4,MOVE_UP,34.84112371344085
2,4,MOVE_DOWN,33.829759082961516
2,5,MOVE_RIGHT,32.93594261109489
3,5,MOVE_UP,33.66779451922126
2,2,MOVE_RIGHT,34.996158747308215
3,2,MOVE_DOWN,34.8125393855107
0,0,MOVE_RIGHT,35.751699841014386
3,1,MOVE_DOWN,35.62080498855622
1,4,MOVE_RIGHT,34.14388727744977
2,4,MOVE_UP,34.42211484928642
2,1,MOVE_DOWN,35.42426211418474
1,4,MOVE_DOWN,33.5938097953221
1,5,MOVE_UP,33.59361755789851
3,3,MOVE_DOWN,34.25175555186108
2,1,MOVE_LEFT,35.4395116807669
3,2,MOVE_RIGHT,34.83552026403669
4,2,MOVE_UP,34.96631254209488
4,1,MOVE_RIGHT,34.62247823911573
5,1,MOVE_LEFT,34.93330403719727
4,1,MOVE_UP,34.58127084638625
4,0,MOVE_RIGHT,34.10703502488286
5,0,MOVE_DOWN,34.46093496645669
5,1,MOVE_UP,34.071002034615354
5,0,MOVE_RIGHT,33.68624321929803
6,0,MOVE_DOWN,33.73230837096203
6,1,MOVE_RIGHT,32.73123868808502
7,1,MOVE_RIGHT,32.29222945675227
3,1,MOVE_LEFT,35.606284208340455
4,2,MOVE_RIGHT,34.01158809029465
5,2,MOVE_RIGHT,34.01037241920651
6,2,MOVE_LEFT,33.56452333755586
5,2,MOVE_LEFT,34.390812522753656
4,2,MOVE_DOWN,33.87229300144685
4,3,MOVE_RIGHT,33.645650801781855
5,3,MOVE_DOWN,33.447788385148456
5,4,MOVE_RIGHT,33.1895606125043
6,4,MOVE_LEFT,32.1495019836988
5,4,MOVE_LEFT,33.51723414176303
2,0,MOVE_DOWN,35.83764854423554
4,2,MOVE_LEFT,34.485518357124185
0,4,MOVE_DOWN,33.83330541787943
0,5,MOVE_RIGHT,33.22663901834524
1,5,MOVE_LEFT,33.244981667871286
0,5,MOVE_DOWN,33.188021581736294
0,6,MOVE_RIGHT,32.76077554676952
0,1,MOVE_RIGHT,36.19490035703212
1,1,MOVE_UP,35.876812414164924
0,2,MOVE_UP,35.5260413430498
2,1,MOVE_UP,35.86515131933119
3,3,MOVE_RIGHT,33.94858452153629
4,3,MOVE_UP,34.25079343626018
0,6,MOVE_DOWN,32.466610346968096
0,7,MOVE_RIGHT,32.52173528314271
1,7,MOVE_RIGHT,32.27560680643676
2,7,MOVE_DOWN,30.387199418680687
2,8,MOVE_LEFT,26.103071804149582
1,8,MOVE_DOWN,20.61189642092087
3,5,MOVE_RIGHT,33.24666807556105
4,5,MOVE_RIGHT,32.044798931296754
5,5,MOVE_UP,33.00273756773807
5,4,MOVE_UP,33.28628128500052
5,3,MOVE_UP,34.01516759540468
5,2,MOVE_DOWN,33.74741377413257
5,4,MOVE_DOWN,32.46380233822577
5,5,MOVE_DOWN,31.763912431009935
5,6,MOVE_RIGHT,27.93403243606765
6,6,MOVE_LEFT,31.87514580220432
5,6,MOVE_UP,32.38389911980074
5,5,MOVE_LEFT,31.695106236827602
5,6,MOVE_DOWN,30.758985372472157
5,7,MOVE_DOWN,30.143409757028145
5,8,MOVE_UP,27.472363832938512
5,7,MOVE_LEFT,31.792426043957175
4,7,MOVE_LEFT,32.42522209392706
3,7,MOVE_RIGHT,32.07181752607657
4,7,MOVE_UP,32.636175541338616
4,6,MOVE_UP,33.307470744820854
4,5,MOVE_UP,33.62480928367867
4,4,MOVE_DOWN,33.59425342092451
4,5,MOVE_DOWN,32.99424101494581
4,6,MOVE_LEFT,32.3048338880934
3,6,MOVE_UP,33.01698100286613
4,4,MOVE_RIGHT,33.496547386330214
4,4,MOVE_UP,33.932754470462974
4,3,MOVE_DOWN,33.472835521084846
4,4,MOVE_LEFT,33.510560177028346
5,1,MOVE_RIGHT,33.45419082071014
6,1,MOVE_LEFT,34.14311600231364
5,1,MOVE_DOWN,34.58124550489425
6,2,MOVE_UP,33.77875796580057
4,3,MOVE_LEFT,33.73026546877043
5,3,MOVE_LEFT,33.78232662674468
5,5,MOVE_RIGHT,31.59629400177034
6,5,MOVE_RIGHT,27.92709568342159
7,5,MOVE_RIGHT,30.594376787288002
8,5,MOVE_RIGHT,18.65191116441533
9,5,MOVE_RIGHT,19.61762485912862
10,5,MOVE_RIGHT,6.258717521445277
11,5,MOVE_RIGHT,5.162808488575283
12,5,MOVE_RIGHT,3.9558831376266905
13,5,MOVE_DOWN,4.037658822364215
13,6,MOVE_DOWN,2.5424734228872077
13,7,MOVE_RIGHT,3.0639547192575423
14,7,MOVE_LEFT,2.1679160078668267
13,7,MOVE_LEFT,0.9507800722772297
12,7,MOVE_RIGHT,3.2258725956324734
14,7,MOVE_RIGHT,2.5411563349372557
15,7,MOVE_LEFT,3.272473009621411
13,7,MOVE_UP,2.1848559325331927
13,6,MOVE_UP,3.528028482816366
13,5,MOVE_LEFT,3.963373126101653
12,5,MOVE_UP,5.901641122593448
12,4,MOVE_LEFT,0.437526551781
2,4,MOVE_LEFT,34.25578415446748
3,4,MOVE_DOWN,33.08827391084647
5,3,MOVE_RIGHT,33.063848396024525
6,3,MOVE_UP,33.511589708784925
5,2,MOVE_UP,33.655825332631984
0,4,MOVE_RIGHT,34.09257523039855
1,4,MOVE_LEFT,34.1319752976876
4,5,MOVE_LEFT,33.005753162587986
3,5,MOVE_DOWN,32.62083617946918
3,6,MOVE_DOWN,32.37798521912934
3,7,MOVE_DOWN,31.519931027142764
3,4,MOVE_RIGHT,34.00964974523697
6,4,MOVE_DOWN,28.67218569686132
6,5,MOVE_UP,31.35344102194318
6,4,MOVE_RIGHT,32.446836227452934
7,4,MOVE_DOWN,30.506954604280956
7,5,MOVE_UP,16.260184147626767
7,4,MOVE_UP,32.59594681701093
7,3,MOVE_DOWN,32.33025415348326
7,4,MOVE_LEFT,32.70691149930346
7,4,MOVE_RIGHT,31.762306052840774
8,4,MOVE_DOWN,30.644783849518987
8,5,MOVE_UP,31.536830138723897
8,4,MOVE_LEFT,31.771165056697534
8,4,MOVE_RIGHT,26.781061852773334
9,4,MOVE_UP,28.89950065427778
9,3,MOVE_UP,29.915792071663205
9,2,MOVE_UP,31.23097134127886
9,1,MOVE_LEFT,31.962829696233822
8,1,MOVE_UP,31.72118492720275
8,0,MOVE_RIGHT,30.898604141353218
9,0,MOVE_DOWN,31.48170533477759
9,1,MOVE_DOWN,30.57207859002449
9,2,MOVE_DOWN,31.037795784731777
9,3,MOVE_LEFT,32.000209380615566
8,3,MOVE_RIGHT,31.172241583387233
8,3,MOVE_DOWN,31.18207277793051
8,4,MOVE_UP,32.25838324086244
8,3,MOVE_UP,31.329049949069827
8,2,MOVE_DOWN,31.727060321363176
8,3,MOVE_LEFT,32.70634831121813
7,3,MOVE_LEFT,33.16014069202879
6,3,MOVE_RIGHT,32.71149211548207
7,3,MOVE_RIGHT,31.296845929268663
8,2,MOVE_LEFT,32.67112652500628
7,2,MOVE_RIGHT,31.830838358517973
8,2,MOVE_RIGHT,30.35664456252891
9,3,MOVE_RIGHT,30.295352910942725
10,3,MOVE_UP,26.56522577927104
10,2,MOVE_LEFT,30.06041959707361
9,2,MOVE_RIGHT,28.502363912385846
10,2,MOVE_RIGHT,21.269213320783308
11,2,MOVE_LEFT,27.961826896799206
10,2,MOVE_UP,21.087639354359073
6,3,MOVE_LEFT,33.419284308926024
1,5,MOVE_DOWN,33.081552778021106
1,6,MOVE_DOWN,32.02118054039361
2,8,MOVE_UP,0.0
2,7,MOVE_RIGHT,32.34125374541902
6,2,MOVE_RIGHT,32.6672380248961
7,2,MOVE_DOWN,32.4012738796647
4,1,MOVE_LEFT,35.345799011141295
6,0,MOVE_RIGHT,33.09798694135401
7,0,MOVE_DOWN,33.294032350949124
7,1,MOVE_DOWN,32.85114156362027
7,5,MOVE_LEFT,31.987492464513302
3,5,MOVE_LEFT,33.25516219372463
2,5,MOVE_DOWN,33.169276795542785
2,6,MOVE_DOWN,32.93507554484967
1,8,MOVE_RIGHT,31.033030020156705
2,7,MOVE_UP,32.0430839995816
2,6,MOVE_LEFT,32.38263805496637
1,6,MOVE_UP,33.04254047281184
0,5,MOVE_UP,33.83904003314037
6,2,MOVE_DOWN,33.128530615046486
7,2,MOVE_LEFT,33.06534950287072
6,3,MOVE_DOWN,32.22380506709264
7,3,MOVE_UP,32.36200535607746
6,1,MOVE_DOWN,33.32017232455328
6,1,MOVE_UP,33.39576976896519
7,2,MOVE_UP,33.182845778046016
7,1,MOVE_LEFT,33.55030232607173
11,5,MOVE_UP,-12.7032777809356
11,4,MOVE_LEFT,20.115289905064422
10,4,MOVE_LEFT,9.721834954582878
9,4,MOVE_DOWN,29.18484392423872
9,5,MOVE_DOWN,11.833498838238746
9,6,MOVE_UP,28.922955439736338
9,5,MOVE_UP,19.809893180908592
9,4,MOVE_LEFT,4.63043218917726
9,4,MOVE_RIGHT,24.331887305043153
10,4,MOVE_DOWN,17.885679865184485
10,5,MOVE_DOWN,17.765674482383503
10,6,MOVE_RIGHT,4.915478543095851
11,6,MOVE_LEFT,12.081622531412648
10,6,MOVE_UP,16.01271132344586
10,5,MOVE_UP,20.58079764321421
10,6,MOVE_LEFT,24.385716603484312
9,6,MOVE_RIGHT,4.277024660591716
11,6,MOVE_DOWN,6.534869972253996
11,7,MOVE_DOWN,5.736889710347013
11,8,MOVE_RIGHT,4.454203040753348
12,8,MOVE_DOWN,3.7407584513344245
12,9,MOVE_LEFT,2.6337639033758986
11,9,MOVE_UP,1.5403287857700452
12,8,MOVE_UP,4.651391186683692
12,7,MOVE_DOWN,2.7967967848118893
12,8,MOVE_RIGHT,1.035362056841576
4,1,MOVE_DOWN,34.622356665849125
6,5,MOVE_DOWN,31.75445556558188
6,6,MOVE_RIGHT,26.73720165913124
7,6,MOVE_LEFT,30.293158534487194
6,6,MOVE_UP,30.55907993288875
5,0,MOVE_LEFT,34.022303488920855
0,6,MOVE_UP,33.36451885956655
0,7,MOVE_DOWN,23.77943179394516
0,8,MOVE_UP,32.96028686262979
1,8,MOVE_LEFT,30.059464120509865
0,8,MOVE_DOWN,24.455027937287525
0,9,MOVE_UP,32.36129049303599
0,8,MOVE_RIGHT,11.461189963948808
1,8,MOVE_UP,28.942466155948644
2,7,MOVE_LEFT,33.04828162329615
1,7,MOVE_LEFT,25.092938290648355
0,7,MOVE_UP,33.1683981769973
1,6,MOVE_RIGHT,33.03946206583294
2,6,MOVE_RIGHT,32.345762262550544
2,5,MOVE_LEFT,33.064289348256004
6,5,MOVE_LEFT,32.40513470234501
5,6,MOVE_LEFT,32.507721284795885
4,6,MOVE_RIGHT,32.51098948713027
4,7,MOVE_RIGHT,31.442767228485593
5,7,MOVE_UP,31.604862507155595
5,8,MOVE_DOWN,18.39331859847794
5,9,MOVE_RIGHT,27.5582779358964
6,9,MOVE_LEFT,29.770570689623572
5,9,MOVE_DOWN,15.815521721657374
5,10,MOVE_DOWN,9.246584692239306
5,11,MOVE_UP,19.44540952483394
5,11,MOVE_DOWN,3.133243999546414
5,12,MOVE_RIGHT,1.656067872661498
6,12,MOVE_RIGHT,2.751618851079761
7,12,MOVE_LEFT,3.0992131620410266
6,12,MOVE_DOWN,2.584482614968548
6,13,MOVE_UP,0.0
6,12,MOVE_UP,4.277523424552765
6,11,MOVE_LEFT,11.599525160582697
5,11,MOVE_RIGHT,5.435175020259009
6,11,MOVE_DOWN,1.8958432236280476
6,13,MOVE_LEFT,2.372402698624291
5,13,MOVE_RIGHT,0.597
6,12,MOVE_LEFT,0.7504033614622418
7,12,MOVE_DOWN,0.0
7,13,MOVE_DOWN,1.8751991144325826
7,14,MOVE_LEFT,1.6471051374712518
6,14,MOVE_DOWN,0.0
2,5,MOVE_UP,33.846283473994404
1,5,MOVE_RIGHT,33.51419970508017
3,4,MOVE_LEFT,33.79385141319305
7,5,MOVE_DOWN,29.877585117457276
7,6,MOVE_RIGHT,22.468477946411404
8,6,MOVE_UP,27.6395655543859
3,7,MOVE_UP,32.86591963748614
3,6,MOVE_LEFT,32.5936117965817
5,7,MOVE_RIGHT,31.198266755266108
6,7,MOVE_UP,31.884586548043348
6,0,MOVE_LEFT,34.04099779094746
7,0,MOVE_RIGHT,31.96303832832123
8,0,MOVE_DOWN,31.956868481871606
8,1,MOVE_RIGHT,31.36608349369716
9,2,MOVE_LEFT,31.17157845458886
8,2,MOVE_UP,31.962006009336257
9,1,MOVE_RIGHT,27.197946107988077
10,1,MOVE_DOWN,28.138129148655374
10,2,MOVE_DOWN,30.24931939527459
10,3,MOVE_RIGHT,24.742217365887218
11,3,MOVE_LEFT,29.735377943725673
10,3,MOVE_DOWN,26.015001950687406
10,5,MOVE_LEFT,24.07250471370439
9,5,MOVE_LEFT,30.640385559207385
8,5,MOVE_LEFT,30.05932130227607
7,6,MOVE_DOWN,29.855318165860155
7,7,MOVE_RIGHT,27.126257035545198
8,7,MOVE_RIGHT,17.19589172851837
9,7,MOVE_DOWN,9.04403823042366
9,8,MOVE_LEFT,16.484882996258026
8,8,MOVE_LEFT,12.516722022885215
7,8,MOVE_LEFT,24.99666477344684
6,8,MOVE_DOWN,26.86678959651934
6,9,MOVE_RIGHT,15.98220313282232
7,9,MOVE_RIGHT,16.868972638451297
8,9,MOVE_DOWN,8.883985345948558
8,1,MOVE_DOWN,31.680212788792524
10,1,MOVE_RIGHT,12.824170583175142
11,1,MOVE_DOWN,20.336518160985435
11,2,MOVE_DOWN,24.503701507271167
6,6,MOVE_DOWN,31.345516755181706
6,7,MOVE_DOWN,30.065785840786898
7,0,MOVE_LEFT,33.187710400075986
7,1,MOVE_UP,32.35909340125284
8,0,MOVE_LEFT,32.456499659372525
9,0,MOVE_RIGHT,29.72022777399893
10,0,MOVE_DOWN,23.130104273536897
10,3,MOVE_LEFT,31.25594746601771
9,3,MOVE_DOWN,27.556673825833563
9,8,MOVE_RIGHT,9.230855921593147
10,8,MOVE_UP,4.991643007589515
10,7,MOVE_RIGHT,5.114799567027644
11,7,MOVE_UP,5.127296309688344
11,6,MOVE_RIGHT,5.204595632951836
12,6,MOVE_UP,3.4471064194929983
12,5,MOVE_LEFT,5.927736062942435
11,5,MOVE_LEFT,3.671391520252438
8,5,MOVE_DOWN,24.886789277647054
8,6,MOVE_RIGHT,17.7672510831632
9,6,MOVE_LEFT,24.97211599563194
8,6,MOVE_DOWN,27.262448871360863
9,8,MOVE_DOWN,3.71618751077543
9,9,MOVE_DOWN,11.02253081296776
9,10,MOVE_LEFT,14.279365271715488
8,10,MOVE_DOWN,5.152272344490079
8,11,MOVE_RIGHT,3.9312190249653765
9,11,MOVE_LEFT,1.1309455475060854
9,11,MOVE_DOWN,2.587852255937209
9,12,MOVE_LEFT,3.324141792053407
8,12,MOVE_DOWN,2.618625417455894
8,13,MOVE_LEFT,2.3069833118476963
7,13,MOVE_UP,2.7530642325831036
7,12,MOVE_UP,3.156069390650389
7,11,MOVE_LEFT,3.508499537581965
6,11,MOVE_UP,10.079450444669682
6,10,MOVE_RIGHT,20.932626432115228
7,10,MOVE_UP,27.46860555973254
7,9,MOVE_LEFT,22.89459309426091
6,9,MOVE_DOWN,14.49362237528686
7,9,MOVE_UP,29.272504920045208
6,8,MOVE_RIGHT,30.114413107918555
7,10,MOVE_RIGHT,7.451330892212457
6,10,MOVE_DOWN,7.627969991966729
7,9,MOVE_DOWN,21.199954273672123
6,9,MOVE_UP,29.043189684276633
6,8,MOVE_UP,30.49617646688641
7,8,MOVE_RIGHT,17.953863238201254
8,9,MOVE_UP,17.571078580975005
5,9,MOVE_LEFT,30.433187999888638
4,9,MOVE_DOWN,15.08270792531563
4,10,MOVE_LEFT,3.4091567743372186
3,10,MOVE_DOWN,7.417006169684352
3,11,MOVE_RIGHT,4.754705945641044
4,11,MOVE_RIGHT,3.6118691970701597
5,11,MOVE_LEFT,4.728149077878314
5,10,MOVE_RIGHT,14.922823261446727
6,10,MOVE_UP,22.07817526449114
4,10,MOVE_UP,16.196736360627263
4,11,MOVE_LEFT,8.145981514777214
5,12,MOVE_LEFT,1.945919952119917
4,12,MOVE_DOWN,2.0949841440999997
4,13,MOVE_LEFT,3.4329086919778713
3,13,MOVE_DOWN,2.6318002848084907
3,14,MOVE_DOWN,2.382719511540553
3,15,MOVE_DOWN,2.1352170667882158
3,16,MOVE_DOWN,-18.913286686473825
3,17,MOVE_DOWN,2.628648102890993
3,18,MOVE_LEFT,1.5931089999999999
2,18,MOVE_LEFT,1.9677442232366413
1,18,MOVE_UP,1.5931089999999999
1,17,MOVE_UP,1.5398332493780083
1,16,MOVE_LEFT,1.897353355483536
0,16,MOVE_DOWN,1.7487485689358406
0,17,MOVE_DOWN,1.8183159538861502
0,18,MOVE_DOWN,2.1314816300988064
0,19,MOVE_RIGHT,1.9793164012742317
1,19,MOVE_RIGHT,1.888824412570747
2,19,MOVE_RIGHT,1.407172851781
3,19,MOVE_RIGHT,2.4243711143554143
4,19,MOVE_UP,2.0017377807180865
4,18,MOVE_UP,1.5938368627991826
4,17,MOVE_RIGHT,1.4034940227258637
5,17,MOVE_DOWN,1.6686667431847266
5,18,MOVE_RIGHT,-12.874836087119
6,4,MOVE_UP,33.58273316082816
6,7,MOVE_LEFT,31.455119709208056
4,7,MOVE_DOWN,28.230486582978802
4,8,MOVE_RIGHT,25.24667920278073
5,8,MOVE_LEFT,30.750167442489122
4,8,MOVE_UP,32.360737701052265
3,7,MOVE_LEFT,32.4669405376625
1,7,MOVE_DOWN,30.386056752243547
0,9,MOVE_RIGHT,18.543680801251853
1,9,MOVE_RIGHT,17.25225323601043
2,9,MOVE_DOWN,22.66235225428012
2,10,MOVE_DOWN,7.24672949809337
2,11,MOVE_DOWN,2.477016631913872
2,12,MOVE_RIGHT,2.272051648578481
3,12,MOVE_UP,1.810736471746183
10,0,MOVE_RIGHT,22.95057418112301
3,6,MOVE_RIGHT,32.91469894724918
4,6,MOVE_DOWN,31.841972836130836
4,8,MOVE_DOWN,29.80438632952205
6,7,MOVE_RIGHT,30.08677027438687
9,7,MOVE_UP,24.986297459408153
9,7,MOVE_RIGHT,13.878595631479142
11,6,MOVE_UP,5.2059000543122105
10,7,MOVE_LEFT,10.279801232993615
11,8,MOVE_UP,11.87857864240963
12,6,MOVE_LEFT,5.989565717671127
12,4,MOVE_RIGHT,4.317391893655184
13,4,MOVE_DOWN,4.143294606129487
13,5,MOVE_RIGHT,3.499879465285636
14,5,MOVE_RIGHT,3.5822458764159673
15,5,MOVE_UP,2.9441562291476395
15,4,MOVE_RIGHT,3.364116085540136
16,4,MOVE_RIGHT,3.5882732681867484
17,4,MOVE_DOWN,3.1523742217210855
17,5,MOVE_RIGHT,3.299111047732291
18,5,MOVE_RIGHT,3.031100810836589
19,5,MOVE_DOWN,3.1582055974104453
19,6,MOVE_LEFT,2.9965105047650917
18,6,MOVE_DOWN,2.6786267684305916
4,10,MOVE_DOWN,6.066761059671142
4,11,MOVE_UP,3.1409424874039367
3,11,MOVE_DOWN,7.865155579320146
3,11,MOVE_UP,9.495294788616858
3,11,MOVE_LEFT,7.851048293859353
2,11,MOVE_RIGHT,7.202485842324011
8,8,MOVE_DOWN,22.94540264942721
7,8,MOVE_UP,30.965343435284236
10,6,MOVE_DOWN,10.160332777267321
12,6,MOVE_DOWN,6.281663637983585
12,7,MOVE_UP,-0.881113911583967
11,5,MOVE_DOWN,9.365605207449304
12,6,MOVE_RIGHT,3.6117856157559745
18,6,MOVE_LEFT,3.1868921113078685
17,6,MOVE_LEFT,2.1998796272495933
4,11,MOVE_DOWN,3.545798031829078
3,14,MOVE_UP,1.1731533729999999
2,12,MOVE_LEFT,6.084634202135562
1,12,MOVE_DOWN,3.9392226260817194
1,13,MOVE_LEFT,3.6910919137602174
0,13,MOVE_DOWN,3.2363418788756753
0,14,MOVE_RIGHT,3.3714868728162624
1,14,MOVE_RIGHT,2.3861563364281935
2,14,MOVE_RIGHT,2.6803733390713997
4,9,MOVE_RIGHT,24.700674414951795
5,9,MOVE_UP,16.443557181105664
11,7,MOVE_RIGHT,6.271274072675558
7,10,MOVE_LEFT,17.80739604038539
8,8,MOVE_RIGHT,14.526508604936241
0,9,MOVE_DOWN,24.295253791722075
0,10,MOVE_DOWN,12.710307660067667
0,11,MOVE_RIGHT,5.729275445955385
1,11,MOVE_DOWN,3.916773210163998
0,13,MOVE_UP,2.7527991019824336
0,12,MOVE_RIGHT,5.330430251430418
1,12,MOVE_RIGHT,13.405800540479966
2,12,MOVE_UP,22.659859150962156
2,11,MOVE_UP,26.49689023124285
2,10,MOVE_UP,28.410888516094147
2,9,MOVE_RIGHT,31.42093184303566
3,9,MOVE_DOWN,12.375193895427573
3,12,MOVE_DOWN,4.509327281287801
3,14,MOVE_RIGHT,2.2599919299266804
4,14,MOVE_RIGHT,1.5931089999999999
5,14,MOVE_RIGHT,1.5931089999999999
6,14,MOVE_RIGHT,2.362893069829902
7,14,MOVE_RIGHT,2.2418550217301108
8,14,MOVE_DOWN,2.387371776841119
8,15,MOVE_RIGHT,2.0096901638503564
9,15,MOVE_RIGHT,1.297
10,15,MOVE_RIGHT,1.297
11,15,MOVE_UP,1.414930336978957
11,14,MOVE_UP,1.8054107896128633
11,13,MOVE_UP,1.4983243839863811
11,12,MOVE_UP,2.0507360451882377
11,11,MOVE_RIGHT,-18.98644556042774
12,11,MOVE_RIGHT,2.699173434125966
13,11,MOVE_DOWN,2.412685430497267
10,1,MOVE_LEFT,28.084124126922212
8,1,MOVE_LEFT,32.8240664396868
2,6,MOVE_UP,33.269842163136005
1,7,MOVE_UP,32.832804783196124
1,6,MOVE_LEFT,32.96755610137753
0,10,MOVE_RIGHT,6.893612080003042
1,10,MOVE_RIGHT,12.07706311306034
7,7,MOVE_DOWN,26.173137730457796
7,8,MOVE_DOWN,22.23050043341259
11,8,MOVE_LEFT,6.851864331141312
10,8,MOVE_LEFT,13.017651158695884
9,9,MOVE_LEFT,18.914971046064544
1,10,MOVE_UP,25.939751147456814
7,7,MOVE_UP,29.687065831924322
11,8,MOVE_DOWN,2.516435449545337
11,9,MOVE_LEFT,8.95758993414939
10,9,MOVE_LEFT,15.784423139211103
9,9,MOVE_UP,6.3845202222578115
0,11,MOVE_DOWN,4.908609596330761
3,13,MOVE_RIGHT,1.92009126167071
4,13,MOVE_DOWN,2.033058391559261
7,14,MOVE_DOWN,2.1057402221110384
7,15,MOVE_LEFT,1.6454265517809998
6,15,MOVE_LEFT,1.7441458070942268
5,15,MOVE_LEFT,-28.703
3,10,MOVE_LEFT,18.384216447706585
2,9,MOVE_UP,10.766817732935744
2,8,MOVE_DOWN,30.447173709305584
2,10,MOVE_LEFT,18.49366134964242
1,9,MOVE_UP,26.984302622895825
3,9,MOVE_UP,31.941539412109417
3,8,MOVE_UP,32.261807248287425
2,8,MOVE_RIGHT,31.774206319164257
3,8,MOVE_RIGHT,31.595510354045253
7,7,MOVE_LEFT,31.599676528023863
6,8,MOVE_LEFT,19.634814001854146
3,8,MOVE_DOWN,31.373845178706745
3,10,MOVE_RIGHT,11.676521852709861
4,10,MOVE_RIGHT,20.130559586603354
5,10,MOVE_UP,25.875898888291953
4,9,MOVE_UP,17.96103484358435
11,3,MOVE_RIGHT,24.367583208789203
12,3,MOVE_UP,5.416660318536798
12,2,MOVE_RIGHT,3.1414436198507234
13,2,MOVE_UP,-11.217580796611678
13,1,MOVE_RIGHT,2.615860494357476
14,1,MOVE_RIGHT,2.861384705286648
15,1,MOVE_UP,2.415984288120691
15,0,MOVE_RIGHT,2.4616856679927746
16,0,MOVE_RIGHT,2.1638217747527193
17,0,MOVE_RIGHT,2.486882326949285
18,0,MOVE_RIGHT,2.613204474552458
19,0,MOVE_DOWN,2.621486868417395
19,1,MOVE_DOWN,2.3955303866539395
19,2,MOVE_LEFT,2.2710711600810805
18,2,MOVE_LEFT,2.015873037521837
17,2,MOVE_UP,2.280983704344986
17,1,MOVE_UP,2.31398059616581
19,1,MOVE_LEFT,2.263762357931686
18,1,MOVE_DOWN,1.8969654995323537
17,2,MOVE_LEFT,1.5093378070725074
16,2,MOVE_DOWN,2.2216559605401742
16,3,MOVE_RIGHT,2.870230099475174
17,3,MOVE_RIGHT,2.566482856736477
18,3,MOVE_RIGHT,2.655957331146884
19,3,MOVE_DOWN,2.8311643980807153
19,4,MOVE_LEFT,2.95599329922371
18,4,MOVE_LEFT,3.104468918536347
17,5,MOVE_DOWN,2.2078408171572796
17,6,MOVE_RIGHT,3.4026415831889696
18,6,MOVE_UP,2.5531175134590334
1,10,MOVE_LEFT,14.618487393221884
10,7,MOVE_DOWN,9.595225360159757
10,8,MOVE_RIGHT,7.652587601371269
3,9,MOVE_RIGHT,29.448155170992763
4,8,MOVE_LEFT,26.879392507411648
1,9,MOVE_LEFT,30.961266423908423
9,7,MOVE_LEFT,12.474324901767625
8,7,MOVE_DOWN,22.75736384629187
3,12,MOVE_RIGHT,1.5608339128809998
8,9,MOVE_LEFT,24.682322967521564
8,8,MOVE_UP,26.03276595191329
0,12,MOVE_DOWN,-7.003557255234109
2,14,MOVE_UP,6.242386538766847
2,13,MOVE_LEFT,4.358364361648502
1,13,MOVE_UP,6.188122218345615
3,8,MOVE_LEFT,28.170062049351678
3,12,MOVE_LEFT,10.90991190727979
2,12,MOVE_DOWN,3.552538567063769
1,12,MOVE_UP,7.200176639731264
1,11,MOVE_UP,14.097743239523918
8,11,MOVE_DOWN,1.9201557786086527
8,12,MOVE_LEFT,3.17951722941393
11,1,MOVE_UP,9.610225571363491
11,0,MOVE_RIGHT,12.513969073164649
12,0,MOVE_DOWN,4.453997054792356
3,15,MOVE_RIGHT,1.6454265517809998
4,15,MOVE_DOWN,1.297
4,16,MOVE_DOWN,1.4669704490880018
4,17,MOVE_DOWN,1.901902635719411
4,18,MOVE_RIGHT,1.297
5,18,MOVE_DOWN,1.45545148987
5,19,MOVE_LEFT,2.01368584696127
4,19,MOVE_LEFT,1.385209
3,19,MOVE_LEFT,2.1487236743926967
2,19,MOVE_UP,1.992873345993772
1,17,MOVE_LEFT,1.674512394325657
0,17,MOVE_UP,1.9471727698784187
0,16,MOVE_UP,2.461289602132269
0,15,MOVE_UP,2.947201000032441
11,2,MOVE_RIGHT,4.6835362581290205
14,1,MOVE_UP,1.297
14,0,MOVE_RIGHT,3.200910271155901
15,0,MOVE_DOWN,2.6310171773224127
15,1,MOVE_DOWN,2.23299194902085
15,2,MOVE_RIGHT,2.643930618129454
17,3,MOVE_UP,1.385209
17,0,MOVE_LEFT,2.1860913472174275
16,0,MOVE_DOWN,2.427505933491663
16,1,MOVE_DOWN,2.25074101685798
16,2,MOVE_LEFT,2.0368773103818265
15,2,MOVE_DOWN,3.233915879881391
15,3,MOVE_DOWN,3.1019383835995518
15,4,MOVE_DOWN,2.708283972435612
15,5,MOVE_DOWN,3.3736751718607243
15,6,MOVE_DOWN,3.525492026612172
15,7,MOVE_DOWN,2.9877843685224947
15,8,MOVE_LEFT,2.0424075501299748
14,8,MOVE_UP,3.7611210631790826
14,7,MOVE_UP,4.137620965905746
14,6,MOVE_LEFT,3.5161706031561146
13,6,MOVE_LEFT,-6.178713029048737
1,9,MOVE_DOWN,8.895767114595023
4,13,MOVE_UP,2.876615746607963
4,12,MOVE_RIGHT,3.5279349805853704
5,12,MOVE_DOWN,1.8179646999252812
6,13,MOVE_DOWN,2.345858730347346
6,14,MOVE_LEFT,1.473153373
5,14,MOVE_DOWN,1.6193070729999999
5,15,MOVE_RIGHT,1.9535019445216335
6,15,MOVE_DOWN,1.666206828033566
6,16,MOVE_RIGHT,2.0305693104435893
7,16,MOVE_DOWN,2.0019003779072686
7,17,MOVE_RIGHT,2.0102908052097606
8,17,MOVE_UP,1.9331698811082085
8,16,MOVE_UP,1.5665242786635558
8,15,MOVE_LEFT,1.9960861870945654
7,15,MOVE_UP,2.0496365929268965
6,14,MOVE_UP,2.2760095455015574
6,13,MOVE_RIGHT,2.419502497425025
10,1,MOVE_UP,29.639108210296
12,0,MOVE_RIGHT,5.525151811400096
13,0,MOVE_RIGHT,3.3339166761804018
5,8,MOVE_RIGHT,26.053771797492026
8,10,MOVE_RIGHT,7.5493549594298965
9,10,MOVE_DOWN,1.4720012128809998
12,3,MOVE_RIGHT,7.444840341915778
13,3,MOVE_DOWN,4.830191058910895
13,4,MOVE_LEFT,6.885475712012254
12,4,MOVE_DOWN,4.967636374126292
0,10,MOVE_UP,28.50275985618635
8,9,MOVE_RIGHT,13.703034073636193
9,9,MOVE_RIGHT,6.573072575907195
10,9,MOVE_DOWN,2.489482428979761
10,10,MOVE_DOWN,3.0534421402934337
10,11,MOVE_DOWN,3.36736846973805
10,12,MOVE_LEFT,3.3051046228734764
9,12,MOVE_UP,3.8032938938011127
9,11,MOVE_UP,7.977090090732531
8,11,MOVE_LEFT,3.1547254350447544
7,11,MOVE_UP,8.561515029862472
11,4,MOVE_UP,26.20889050582409
13,3,MOVE_UP,2.53909195228449
13,2,MOVE_LEFT,3.4148561417921792
12,2,MOVE_UP,9.143263756913115
12,1,MOVE_LEFT,16.47856940688914
12,3,MOVE_DOWN,7.930460657635332
14,5,MOVE_DOWN,2.4033570932812442
13,7,MOVE_DOWN,3.0210159825914986
13,8,MOVE_LEFT,4.974004632276355
12,2,MOVE_LEFT,6.2350290502430274
11,2,MOVE_UP,9.119283389265245
11,1,MOVE_LEFT,24.34956508111264
10,0,MOVE_LEFT,31.226611662923563
4,9,MOVE_LEFT,30.965971266904614
7,12,MOVE_RIGHT,2.8116512842644026
8,13,MOVE_DOWN,2.4272088249614283
8,15,MOVE_DOWN,1.6993920240999998
10,4,MOVE_RIGHT,21.81436194810902
11,4,MOVE_DOWN,5.503409561529991
11,3,MOVE_DOWN,12.954530495260517
5,13,MOVE_DOWN,1.473153373
5,15,MOVE_DOWN,1.4204535545766999
5,16,MOVE_LEFT,1.5702642697919982
4,16,MOVE_UP,1.7421612766228805
4,15,MOVE_UP,1.7946194526592611
4,14,MOVE_UP,2.653642634626346
3,16,MOVE_LEFT,2.157056179891053
2,16,MOVE_UP,2.1942043949109764
2,15,MOVE_UP,3.5421759475358785
2,14,MOVE_LEFT,2.8895230893171338
1,14,MOVE_UP,3.514634951582561
0,14,MOVE_DOWN,2.8265775541156444
0,15,MOVE_RIGHT,1.6744610199905108
1,15,MOVE_RIGHT,2.702849245153474
3,16,MOVE_RIGHT,1.2910139680391066
4,15,MOVE_RIGHT,1.6672695347095963
5,16,MOVE_DOWN,1.6548553
5,17,MOVE_RIGHT,1.6877355630474524
6,17,MOVE_UP,2.0700319039170583
7,16,MOVE_LEFT,1.5943607341
6,16,MOVE_UP,-18.74246095011194
6,15,MOVE_UP,2.1168283618301857
8,14,MOVE_RIGHT,1.6793054692939187
9,14,MOVE_RIGHT,1.297
10,14,MOVE_UP,2.384740993464539
10,13,MOVE_UP,3.25388716136094
9,10,MOVE_RIGHT,3.430187237190267
10,11,MOVE_RIGHT,2.293873076922639
5,12,MOVE_UP,6.04878196911014
8,7,MOVE_LEFT,29.755986064515152
1,10,MOVE_DOWN,7.784224891676834
1,11,MOVE_RIGHT,14.263148059024177
10,8,MOVE_DOWN,9.887259637129308
11,3,MOVE_UP,23.505759544314184
11,0,MOVE_LEFT,27.153413392636036
10,7,MOVE_UP,19.179314422166964
7,11,MOVE_RIGHT,2.0830648089619492
8,12,MOVE_UP,2.350680594733647
10,12,MOVE_DOWN,1.9566852288637575
10,13,MOVE_RIGHT,1.385209
11,13,MOVE_RIGHT,1.7112174579590982
12,13,MOVE_UP,2.531893886253734
12,12,MOVE_LEFT,1.385209
11,11,MOVE_UP,3.6262646673946413
11,10,MOVE_RIGHT,2.5950314429080907
12,10,MOVE_RIGHT,1.608939491814621
13,10,MOVE_RIGHT,2.9077393516251755
14,10,MOVE_RIGHT,3.1916635315149753
15,10,MOVE_UP,2.6373597777115436
15,9,MOVE_LEFT,3.4179346177952463
14,9,MOVE_LEFT,1.6701354942915834
13,9,MOVE_UP,1.385209
12,8,MOVE_LEFT,7.774936868210937
11,9,MOVE_RIGHT,2.717307055529264
12,9,MOVE_DOWN,2.1225584929806485
12,10,MOVE_DOWN,3.026553676549656
13,11,MOVE_RIGHT,2.6537397898603055
14,11,MOVE_UP,3.1630168898234032
15,10,MOVE_RIGHT,3.067187237776319
16,10,MOVE_DOWN,2.313743045596033
16,11,MOVE_DOWN,2.328101050252968
16,12,MOVE_RIGHT,2.239477195955763
17,12,MOVE_RIGHT,1.5508053439563239
18,12,MOVE_RIGHT,2.3820790872562743
19,12,MOVE_DOWN,2.4128656109100937
19,13,MOVE_LEFT,1.597014868463547
18,13,MOVE_DOWN,1.9043075231997366
18,14,MOVE_LEFT,2.3596869808469254
17,14,MOVE_DOWN,2.2995200014243498
17,15,MOVE_DOWN,1.530207073
6,11,MOVE_RIGHT,4.298693843875963
7,11,MOVE_DOWN,2.322907569946478
8,14,MOVE_LEFT,1.9354772414538428
3,9,MOVE_LEFT,27.72843864760979
1,13,MOVE_RIGHT,4.157926530976018
2,13,MOVE_UP,12.657386704650062
9,0,MOVE_LEFT,31.671820740203238
13,4,MOVE_UP,7.680074460014173
13,3,MOVE_LEFT,19.32914126826393
9,1,MOVE_UP,29.66237042209029
11,4,MOVE_RIGHT,14.804356024515728
14,5,MOVE_UP,3.784297663632224
14,4,MOVE_RIGHT,3.0587255116704792
15,6,MOVE_RIGHT,3.3138571085808106
16,6,MOVE_RIGHT,3.2368044428064224
17,6,MOVE_UP,3.188936913178911
18,5,MOVE_UP,2.482156779834747
17,4,MOVE_UP,2.665318388343797
19,3,MOVE_UP,2.424407212158354
19,2,MOVE_UP,1.8725657412523256
9,8,MOVE_UP,17.065421192221898
11,9,MOVE_DOWN,3.951651226063336
16,10,MOVE_RIGHT,2.850773659307032
17,10,MOVE_RIGHT,2.4836166941023956
18,10,MOVE_RIGHT,1.681053373
19,10,MOVE_DOWN,2.3659408220281004
19,11,MOVE_LEFT,2.428154418832402
18,11,MOVE_DOWN,2.5753332456600453
19,13,MOVE_UP,2.3111994979046893
19,13,MOVE_DOWN,2.5952351283270607
19,14,MOVE_LEFT,3.029810862920637
17,14,MOVE_LEFT,2.659071431339311
16,14,MOVE_LEFT,2.4891564635264087
15,14,MOVE_DOWN,2.188231647301721
15,15,MOVE_LEFT,1.9089120253794887
14,15,MOVE_UP,2.107901404422395
14,14,MOVE_UP,2.0198924295434213
14,13,MOVE_RIGHT,1.9576715617809999
15,13,MOVE_UP,2.4904475980951495
15,12,MOVE_LEFT,1.6891264661897796
14,12,MOVE_LEFT,2.123382753688848
13,12,MOVE_DOWN,2.3381677205806417
13,13,MOVE_DOWN,2.1092937326356567
13,14,MOVE_LEFT,2.3042502563385154
12,14,MOVE_DOWN,2.454760559021357
12,15,MOVE_RIGHT,2.083011503717018
13,15,MOVE_DOWN,1.297
13,16,MOVE_DOWN,1.801956119556926
8,6,MOVE_LEFT,27.943462102153045
15,4,MOVE_LEFT,3.438025754841236
14,4,MOVE_LEFT,3.736783606613756
15,7,MOVE_RIGHT,3.1968943323996255
16,7,MOVE_DOWN,3.682694874041704
16,8,MOVE_LEFT,3.590278398205133
14,8,MOVE_LEFT,3.5100156767473356
13,8,MOVE_UP,1.703993856122115
13,3,MOVE_RIGHT,5.439178324755994
14,3,MOVE_RIGHT,3.0776438694479076
15,3,MOVE_UP,2.81056686247029
15,2,MOVE_LEFT,2.834350192725071
14,2,MOVE_LEFT,3.253271370196102
13,2,MOVE_RIGHT,2.605232966982296
14,2,MOVE_UP,2.7490082309371937
14,1,MOVE_LEFT,3.5995387769466562
13,1,MOVE_UP,3.1277244604142775
13,0,MOVE_LEFT,6.549627310871126
12,0,MOVE_LEFT,18.85611547513268
10,4,MOVE_UP,26.923462483282194
16,1,MOVE_LEFT,2.238542395104181
16,3,MOVE_LEFT,2.8511101044693956
16,4,MOVE_DOWN,2.2911478470864584
16,5,MOVE_DOWN,2.6163000384207686
17,6,MOVE_DOWN,2.490063985761547
17,7,MOVE_RIGHT,2.8880499357788967
18,7,MOVE_RIGHT,2.554952018881057
19,7,MOVE_DOWN,2.8053534138271257
19,8,MOVE_LEFT,2.6857421160368005
18,8,MOVE_DOWN,2.4616063773012242
18,9,MOVE_RIGHT,2.3592716759424293
19,9,MOVE_DOWN,2.59644834408103
18,11,MOVE_LEFT,2.503869785320295
13,2,MOVE_DOWN,8.537556104470553
1,11,MOVE_LEFT,6.026508570085058
1,14,MOVE_DOWN,2.5981543207337454
1,15,MOVE_DOWN,2.249129255524547
1,16,MOVE_DOWN,2.1277213783771325
1,17,MOVE_RIGHT,1.8583826729353499
2,17,MOVE_UP,2.2317846994006776
1,19,MOVE_UP,1.473153373
1,18,MOVE_RIGHT,1.892041273981
2,18,MOVE_RIGHT,1.9552212182706477
3,18,MOVE_DOWN,2.546192528519721
4,19,MOVE_RIGHT,2.282477439305905
5,19,MOVE_UP,1.991359606058008
6,18,MOVE_DOWN,2.1542033349699996
6,19,MOVE_RIGHT,1.827503516442584
7,19,MOVE_RIGHT,1.5931089999999999
8,19,MOVE_RIGHT,2.083674001847488
9,19,MOVE_UP,1.6783296729999997
9,18,MOVE_RIGHT,1.5931089999999999
10,18,MOVE_DOWN,1.297
10,19,MOVE_RIGHT,2.3993423494002637
11,19,MOVE_RIGHT,2.389579503727333
12,19,MOVE_RIGHT,2.2748702666298084
13,19,MOVE_RIGHT,2.100098148692508
14,19,MOVE_RIGHT,2.2788002489537282
15,19,MOVE_RIGHT,1.9036601481373563
16,19,MOVE_RIGHT,2.231054090809834
17,19,MOVE_UP,1.992849451465271
17,18,MOVE_RIGHT,2.150590347845642
18,18,MOVE_UP,1.7639137452649192
18,17,MOVE_RIGHT,2.2494938660194013
19,17,MOVE_DOWN,2.1381959407323006
19,18,MOVE_DOWN,1.66958570174287
19,19,MOVE_LEFT,1.7522858186397898
18,19,MOVE_LEFT,1.8359335753305903
18,18,MOVE_RIGHT,1.6001705815096088
19,18,MOVE_UP,1.849589974346191
19,17,MOVE_UP,2.2436282704766652
19,16,MOVE_LEFT,2.0380237973284667
18,16,MOVE_UP,2.734581209635713
18,15,MOVE_RIGHT,3.0181081264003122
19,15,MOVE_UP,3.11299354117785
17,15,MOVE_LEFT,2.1282176114291778
16,15,MOVE_DOWN,2.1517856798212494
16,16,MOVE_RIGHT,2.033247944990011
17,16,MOVE_RIGHT,2.189608935010347
18,16,MOVE_DOWN,2.374596648101178
18,17,MOVE_LEFT,1.8740477359280037
17,17,MOVE_LEFT,1.7986740570220192
16,17,MOVE_LEFT,1.812498695878957
15,17,MOVE_DOWN,1.8607785338685328
15,18,MOVE_RIGHT,1.7963969207180965
16,18,MOVE_DOWN,1.9521136363170055
16,19,MOVE_LEFT,1.8316387871393869
15,19,MOVE_LEFT,1.9340544476958024
14,19,MOVE_UP,1.9000439166948473
14,18,MOVE_LEFT,2.270427454770787
13,18,MOVE_LEFT,2.4904883080410967
12,18,MOVE_DOWN,1.085209
13,19,MOVE_LEFT,1.084053373
12,19,MOVE_LEFT,1.085209
11,19,MOVE_LEFT,1.6960277664913899
10,19,MOVE_LEFT,1.603493815040537
9,18,MOVE_UP,1.6193070729999999
9,17,MOVE_LEFT,1.385209
8,16,MOVE_RIGHT,1.753105595307229
9,16,MOVE_RIGHT,1.475968893314246
14,6,MOVE_DOWN,2.574204611347953
9,12,MOVE_DOWN,1.854836463456004
9,13,MOVE_LEFT,2.007480476133005
8,16,MOVE_DOWN,1.8413733716343998
8,17,MOVE_LEFT,1.385209
7,17,MOVE_DOWN,1.7632306183836168
7,18,MOVE_RIGHT,1.297
8,18,MOVE_RIGHT,1.385209
10,18,MOVE_UP,1.7929137220570603
10,17,MOVE_RIGHT,1.4231982373028402
11,17,MOVE_RIGHT,1.5369053070802703
12,17,MOVE_RIGHT,1.9895166935909738
13,17,MOVE_DOWN,1.7766527580552403
12,18,MOVE_LEFT,2.125518823955032
11,18,MOVE_DOWN,1.854348767711497
10,19,MOVE_UP,1.232799673
10,18,MOVE_LEFT,1.6498584609051694
9,18,MOVE_DOWN,2.1806972564027514
9,19,MOVE_LEFT,1.9536027123362185
8,19,MOVE_UP,1.1893920240999998
8,18,MOVE_LEFT,1.171053373
7,18,MOVE_LEFT,1.94865843381448
7,19,MOVE_UP,1.9156662501621222
7,18,MOVE_UP,1.7481646417788301
8,17,MOVE_RIGHT,1.8971626273132183
9,17,MOVE_DOWN,2.28132486740168
6,19,MOVE_LEFT,2.1081976050083084
4,18,MOVE_LEFT,2.4925046862968103
3,18,MOVE_UP,2.105137378345325
3,17,MOVE_UP,1.385209
12,7,MOVE_LEFT,9.327199786253901
16,7,MOVE_UP,2.270826882366187
17,5,MOVE_UP,2.1019079510258125
17,1,MOVE_RIGHT,2.0362517476346653
18,1,MOVE_UP,1.6880252617809999
12,1,MOVE_RIGHT,2.4193805570017184
12,2,MOVE_DOWN,6.213411216762301
12,3,MOVE_LEFT,27.24225003641544
13,4,MOVE_RIGHT,3.1823346036693083
7,6,MOVE_UP,31.40897348789867
3,13,MOVE_LEFT,5.8895664487175825
2,13,MOVE_DOWN,3.148001781808886
2,14,MOVE_DOWN,2.64125150613955
2,16,MOVE_LEFT,1.4156194311577
1,16,MOVE_RIGHT,1.2047579202051044
2,16,MOVE_DOWN,2.1636060065721843
2,17,MOVE_RIGHT,2.64908405014657
1,18,MOVE_LEFT,2.17479276813684
9,17,MOVE_RIGHT,1.6326052107696234
9,10,MOVE_UP,12.909811278922644
15,1,MOVE_LEFT,3.0556797298019185
14,1,MOVE_DOWN,1.745596431203729
14,2,MOVE_RIGHT,2.204130059256046
16,2,MOVE_RIGHT,2.3014393704241707
18,1,MOVE_RIGHT,1.6720595171962844
18,2,MOVE_DOWN,2.2970478721907392
17,3,MOVE_LEFT,2.8316093100962774
16,3,MOVE_DOWN,1.9543634812273358
16,5,MOVE_RIGHT,2.2947287547370694
18,5,MOVE_DOWN,1.9835585258505724
18,7,MOVE_DOWN,1.385209
18,8,MOVE_LEFT,2.057147650968136
17,8,MOVE_DOWN,2.859419700229414
17,9,MOVE_RIGHT,1.750580500681
18,9,MOVE_LEFT,1.8234228257885714
17,9,MOVE_DOWN,2.5004571814126995
17,10,MOVE_UP,2.124678172408651
17,9,MOVE_LEFT,2.4781879129766238
16,9,MOVE_UP,3.1374224646856073
16,8,MOVE_UP,2.8129725081362076
16,7,MOVE_RIGHT,2.6578758224800096
18,7,MOVE_UP,2.64098291315827
18,6,MOVE_RIGHT,2.987727030924167
19,6,MOVE_DOWN,2.8563240243365895
19,7,MOVE_UP,1.9660003611673131
19,6,MOVE_UP,2.5128248415541403
19,5,MOVE_UP,2.1709904439471535
18,4,MOVE_DOWN,1.7849659147007468
18,5,MOVE_LEFT,2.446881897498069
17,5,MOVE_LEFT,3.2461353617701003
16,5,MOVE_UP,2.8524926373011543
16,4,MOVE_UP,3.1038231202390505
17,3,MOVE_DOWN,2.3431648862141867
17,4,MOVE_RIGHT,2.3534642848100287
18,4,MOVE_UP,2.39855456658419
18,2,MOVE_UP,1.1114070729999999
19,1,MOVE_UP,1.47844278203938
19,0,MOVE_LEFT,1.4488606861789568
18,0,MOVE_LEFT,1.8068917357007273
18,3,MOVE_LEFT,2.284337960194662
16,3,MOVE_UP,2.293147965153656
12,1,MOVE_DOWN,2.4921176714356608
14,0,MOVE_DOWN,1.9634744716252344
16,5,MOVE_LEFT,2.9051552609183107
15,6,MOVE_UP,3.923353863926155
15,5,MOVE_LEFT,3.689363726383348
14,4,MOVE_UP,3.777746703536116
14,3,MOVE_LEFT,8.634500070087048
13,6,MOVE_RIGHT,4.126321952131055
14,6,MOVE_UP,2.8325552871681925
17,7,MOVE_DOWN,2.5838651732925397
15,8,MOVE_RIGHT,2.4517192563072
16,8,MOVE_RIGHT,2.5154678700895388
17,8,MOVE_RIGHT,1.9857676720048123
17,7,MOVE_LEFT,2.735440900853484
16,4,MOVE_LEFT,1.2363113783394575
15,2,MOVE_UP,1.15782867054698
15,0,MOVE_LEFT,2.664036435702068
14,2,MOVE_DOWN,1.2027865745081439
15,6,MOVE_LEFT,1.7891623088214619
13,8,MOVE_DOWN,1.5979570152346918
13,9,MOVE_RIGHT,2.6470318571338853
14,9,MOVE_UP,3.612036741129156
13,9,MOVE_LEFT,2.1290211174600926
12,9,MOVE_UP,4.837940466535813
10,11,MOVE_UP,2.274212765978401
10,10,MOVE_RIGHT,2.0864550274944698
12,11,MOVE_LEFT,3.301496350350696
11,11,MOVE_DOWN,2.1975816493745395
11,12,MOVE_DOWN,2.1799429121140617
12,12,MOVE_RIGHT,2.205408363699047
12,15,MOVE_DOWN,2.1731327660637434
12,16,MOVE_RIGHT,1.8022486474824926
14,18,MOVE_RIGHT,1.7223874534799126
15,18,MOVE_DOWN,1.664456183329622
16,19,MOVE_UP,1.9645363220756087
16,18,MOVE_UP,1.774848345124376
16,17,MOVE_RIGHT,2.464017137857799
17,17,MOVE_RIGHT,2.1368461802884307
19,16,MOVE_UP,2.5284050584189344
18,14,MOVE_UP,1.9633859538907845
18,13,MOVE_RIGHT,2.285279494335217
19,12,MOVE_UP,2.383815449335706
18,12,MOVE_LEFT,2.591983834376706
17,12,MOVE_DOWN,2.9265335690900733
17,13,MOVE_DOWN,2.0183500509388326
15,12,MOVE_RIGHT,2.226618888384526
16,12,MOVE_DOWN,1.9941156426432505
16,13,MOVE_DOWN,2.6471907159705403
16,14,MOVE_DOWN,1.385209
16,16,MOVE_DOWN,2.1156824824629306
15,17,MOVE_UP,2.1568984672437987
15,16,MOVE_UP,1.5943607341
15,15,MOVE_UP,1.4970845536102486
15,14,MOVE_LEFT,1.9768864267509998
14,14,MOVE_LEFT,1.8689251528632231
13,14,MOVE_DOWN,1.4431714380276999
13,15,MOVE_LEFT,1.29379447687
12,15,MOVE_LEFT,1.4689191517809999
11,15,MOVE_LEFT,2.010894055836711
10,15,MOVE_LEFT,1.385209
9,15,MOVE_DOWN,2.063327441960693
10,16,MOVE_RIGHT,1.7760551556801838
11,16,MOVE_DOWN,1.6647358995448285
11,18,MOVE_LEFT,2.051299885397009
8,19,MOVE_LEFT,2.148434230661393
2,19,MOVE_LEFT,1.4375265517809999
1,19,MOVE_LEFT,1.6730338940637166
0,19,MOVE_UP,1.7256337831560453
0,18,MOVE_UP,1.9946837347817183
0,18,MOVE_RIGHT,1.473153373
3,17,MOVE_RIGHT,1.6841367156586105
4,17,MOVE_LEFT,1.5499054265965746
3,17,MOVE_LEFT,1.890468451784225
2,15,MOVE_RIGHT,1.956827092570911
7,15,MOVE_DOWN,1.7509002760078702
9,18,MOVE_LEFT,1.9009814898699997
8,18,MOVE_DOWN,1.805947290766693
9,19,MOVE_RIGHT,2.2843718676934164
11,17,MOVE_UP,1.2906387824322434
11,16,MOVE_RIGHT,1.266040371596923
12,16,MOVE_UP,1.7522098742149705
13,15,MOVE_RIGHT,1.5943607341
14,15,MOVE_DOWN,1.9207031389544156
14,16,MOVE_DOWN,2.161152227424861
14,17,MOVE_DOWN,2.2898018485944767
17,17,MOVE_UP,2.083977039287257
19,15,MOVE_DOWN,1.996933379157264
19,16,MOVE_DOWN,1.7804352135656691
19,18,MOVE_LEFT,1.819947075789928
17,17,MOVE_DOWN,2.072794689590125
17,18,MOVE_LEFT,1.5855916867064992
16,18,MOVE_RIGHT,1.6202859118656439
18,18,MOVE_DOWN,1.8133008938304023
18,19,MOVE_RIGHT,1.7828740631426678
2,9,MOVE_LEFT,26.01615629123208
2,10,MOVE_RIGHT,16.42079516828849
3,10,MOVE_UP,13.537729872312427
15,8,MOVE_DOWN,3.4816642521684678
15,9,MOVE_RIGHT,3.2069299057822134
16,9,MOVE_DOWN,2.750545614522642
19,11,MOVE_DOWN,2.032862558140476
19,12,MOVE_LEFT,1.473153373
18,12,MOVE_DOWN,2.2000458553360547
15,14,MOVE_UP,2.4435235801577146
18,14,MOVE_DOWN,2.7941446781397987
18,15,MOVE_DOWN,1.8406332749088445
18,16,MOVE_LEFT,1.7495503467067
17,16,MOVE_DOWN,1.983393855190793
16,17,MOVE_UP,1.778513257697657
16,16,MOVE_UP,1.473153373
16,15,MOVE_RIGHT,1.454471500681
17,15,MOVE_RIGHT,1.8655143324903138
17,14,MOVE_UP,2.0806234869783076
12,9,MOVE_RIGHT,2.336762816873286
2,13,MOVE_RIGHT,1.4387209498351117
5,18,MOVE_LEFT,1.9373853987004552
2,16,MOVE_RIGHT,2.0350503741657326
3,16,MOVE_UP,1.562839466218183
3,15,MOVE_LEFT,1.5286544429380164
2,15,MOVE_LEFT,1.5463390661843812
1,17,MOVE_DOWN,2.0177272004494116
0,14,MOVE_UP,1.590407069934849
8,7,MOVE_UP,22.66811937793151
14,3,MOVE_DOWN,2.6711704602642183
14,4,MOVE_DOWN,3.4923233825931552
8,10,MOVE_UP,6.251057443853302
12,11,MOVE_DOWN,1.411407073
13,14,MOVE_UP,1.260833912881
13,13,MOVE_RIGHT,1.9126358149489568
14,13,MOVE_UP,2.3049489301501747
14,12,MOVE_UP,2.7755418292290304
18,10,MOVE_DOWN,2.5853189421745872
17,11,MOVE_DOWN,2.5964208770121053
17,14,MOVE_RIGHT,1.9754941603108358
18,14,MOVE_RIGHT,1.6358168134413478
19,14,MOVE_UP,1.8078493552104593
18,15,MOVE_LEFT,2.050283823698569
18,11,MOVE_UP,1.199272851781
18,10,MOVE_UP,1.385209
17,9,MOVE_UP,2.337251486453801
17,10,MOVE_DOWN,2.554394288511021
17,11,MOVE_LEFT,2.5510177692468448
16,12,MOVE_LEFT,2.3411348201680586
15,12,MOVE_UP,2.4505466782807948
15,11,MOVE_UP,2.078545689091212
16,7,MOVE_LEFT,2.7402390513274297
15,7,MOVE_UP,2.829535405668733
14,5,MOVE_LEFT,2.6063243515732935
14,6,MOVE_RIGHT,4.2894973082539885
18,4,MOVE_RIGHT,2.5296704841139537
19,4,MOVE_DOWN,2.196674421130198
19,5,MOVE_LEFT,1.302382175684047
19,4,MOVE_UP,2.1297895133697615
16,6,MOVE_DOWN,3.2026274331176317
14,11,MOVE_LEFT,2.5745271633876734
13,11,MOVE_UP,2.680177558148735
15,10,MOVE_DOWN,1.8674085415876598
15,11,MOVE_RIGHT,1.915124618714236
15,12,MOVE_DOWN,2.1587708052510797
15,13,MOVE_RIGHT,1.348426551781
15,13,MOVE_LEFT,2.3749700128679305
14,13,MOVE_LEFT,2.3302128627470498
13,13,MOVE_LEFT,2.4109679344881716
12,13,MOVE_LEFT,1.8090100733641015
11,13,MOVE_LEFT,2.6188643510575806
10,13,MOVE_LEFT,1.4739772936770696
9,13,MOVE_RIGHT,1.6293865241571475
8,12,MOVE_RIGHT,2.7436331289955764
6,10,MOVE_LEFT,10.854203790198005
11,7,MOVE_LEFT,15.630321352801618
2,11,MOVE_LEFT,7.254833184347854
0,15,MOVE_DOWN,2.0883194535224185
7,14,MOVE_UP,2.164168606192336
18,9,MOVE_DOWN,2.4506886388097198
13,8,MOVE_RIGHT,2.724046094280554
13,5,MOVE_UP,4.309193875525421
12,5,MOVE_DOWN,4.971630817836047
19,3,MOVE_LEFT,1.6490588376042763
8,10,MOVE_LEFT,21.31546097632076
9,16,MOVE_DOWN,2.232338099400188
12,10,MOVE_LEFT,1.7646618479302085
11,10,MOVE_UP,4.2466155476683625
11,10,MOVE_LEFT,4.364932269752528
10,10,MOVE_UP,8.919754397475488
1,12,MOVE_LEFT,3.6115322196964166
0,12,MOVE_UP,4.5759833264476
0,11,MOVE_UP,15.918737367878652
12,4,MOVE_UP,20.234355363204767
14,8,MOVE_RIGHT,3.0374030385322115
16,6,MOVE_UP,2.770112868465291
10,12,MOVE_RIGHT,2.3113513710081772
16,11,MOVE_UP,2.1317561644961422
16,10,MOVE_UP,2.4462211813891104
19,11,MOVE_UP,2.341172961344353
19,10,MOVE_LEFT,2.0686953772555166
17,13,MOVE_LEFT,2.956826024510625
14,13,MOVE_DOWN,1.9916406304425291
14,14,MOVE_DOWN,-19.171017605674344
11,0,MOVE_DOWN,8.515058115839405
11,1,MOVE_RIGHT,5.569986887413695
14,3,MOVE_UP,2.808342422769792
14,0,MOVE_LEFT,2.0635417413328887
9,6,MOVE_DOWN,8.870083819437241
7,13,MOVE_LEFT,1.608860141271773
14,7,MOVE_DOWN,3.5088605596268354
15,8,MOVE_UP,2.840210335758063
17,8,MOVE_UP,2.450689917168115
18,7,MOVE_LEFT,2.9659598767597335
17,7,MOVE_UP,2.698664252285725
17,2,MOVE_DOWN,1.997543385534039
16,2,MOVE_UP,2.3902064918422794
16,1,MOVE_UP,2.1650999015813177
18,1,MOVE_LEFT,2.1941033036629145
18,3,MOVE_DOWN,1.3362643793376638
16,1,MOVE_RIGHT,1.6807216754897059
17,1,MOVE_LEFT,1.267456115287143
16,0,MOVE_LEFT,2.14049735032273
13,9,MOVE_DOWN,1.6990364576784809
7,10,MOVE_DOWN,2.0450397328045806
15,9,MOVE_DOWN,2.1855237914787966
18,9,MOVE_UP,2.037032381713942
18,8,MOVE_UP,2.6172559781870963
15,1,MOVE_RIGHT,1.567456115287143
15,4,MOVE_UP,1.8012226472702868
19,2,MOVE_DOWN,2.4756220308650287
17,13,MOVE_RIGHT,1.5655793343903217
18,13,MOVE_UP,1.6727407423236538
17,18,MOVE_DOWN,1.7948597143685747
17,19,MOVE_LEFT,2.2849239592420925
16,18,MOVE_LEFT,1.7456419371216025
18,17,MOVE_DOWN,1.410172851781
19,19,MOVE_UP,1.6805949615764568
18,12,MOVE_UP,1.312338461539526
17,11,MOVE_UP,2.1603459461985244
18,11,MOVE_RIGHT,1.7565884069885327
18,13,MOVE_LEFT,2.364318082196234
16,14,MOVE_RIGHT,1.9933399782298324
19,14,MOVE_DOWN,1.352196933470693
19,17,MOVE_LEFT,1.2097664283608165
16,17,MOVE_DOWN,1.715670509062397
17,12,MOVE_UP,1.6228030479955025
12,14,MOVE_LEFT,1.9349411840122936
11,14,MOVE_DOWN,2.1683804968035902
11,15,MOVE_DOWN,1.411407073
11,16,MOVE_LEFT,1.4971346812370145
10,16,MOVE_DOWN,1.4226898764789435
10,17,MOVE_UP,1.5083161186342187
10,16,MOVE_UP,1.818382349866117
10,15,MOVE_UP,2.185487473685888
10,14,MOVE_DOWN,1.1893920240999998
10,14,MOVE_RIGHT,1.4243221311964425
11,13,MOVE_DOWN,2.0163815177738593
11,14,MOVE_RIGHT,1.9593562405460578
12,16,MOVE_LEFT,1.6447255330329833
11,17,MOVE_LEFT,1.1226898764789435
10,17,MOVE_DOWN,1.5775646682039057
13,19,MOVE_UP,2.147798918012847
13,18,MOVE_RIGHT,1.6614379503136236
14,18,MOVE_DOWN,1.8391392689009127
15,18,MOVE_UP,1.7317982579623277
14,17,MOVE_LEFT,2.1750538210927868
13,17,MOVE_UP,1.480934200681
13,16,MOVE_LEFT,1.1114070729999999
13,15,MOVE_UP,2.247733760868912
13,14,MOVE_RIGHT,2.328270239314893
14,14,MOVE_RIGHT,2.5289514673280085
12,12,MOVE_UP,2.845306724190138
18,18,MOVE_LEFT,1.5290889976240725
15,19,MOVE_UP,1.6256713007099128
15,17,MOVE_RIGHT,2.2589062003804075
17,15,MOVE_UP,2.2864070832839234
15,15,MOVE_DOWN,1.6800200522806628
15,16,MOVE_DOWN,1.9508921486380368
15,17,MOVE_LEFT,1.1485384004016286
7,17,MOVE_LEFT,1.5055964539809998
7,16,MOVE_RIGHT,1.439837457602257
8,18,MOVE_UP,1.2916828836014211
9,17,MOVE_UP,1.4469553
11,16,MOVE_UP,1.2827043822577
11,15,MOVE_RIGHT,1.180934200681
7,19,MOVE_LEFT,1.713880117532745
5,19,MOVE_RIGHT,1.9402349049461343
6,19,MOVE_UP,2.087657263826353
6,18,MOVE_RIGHT,1.2553306183836168
6,17,MOVE_LEFT,1.4709037622250933
4,12,MOVE_UP,2.55855921243431
8,11,MOVE_UP,5.5821528520518555
11,12,MOVE_RIGHT,2.015652481515078
16,13,MOVE_LEFT,2.3309167933909043
19,10,MOVE_UP,1.8009467689265122
19,9,MOVE_UP,1.383968638875901
19,8,MOVE_UP,1.3998620910408435
18,3,MOVE_UP,1.6822232180406496
18,2,MOVE_RIGHT,1.6745081345440809
17,1,MOVE_DOWN,1.6774521601904608
16,11,MOVE_LEFT,2.18845816899881
15,11,MOVE_DOWN,1.8114887904856571
14,15,MOVE_RIGHT,1.6534176518976997
15,15,MOVE_RIGHT,1.6879880662927296
15,16,MOVE_LEFT,1.9616098960967636
13,17,MOVE_RIGHT,2.2037587956370905
13,18,MOVE_UP,1.4985882534218697
14,17,MOVE_UP,1.720675284772901
14,16,MOVE_UP,1.789039514868993
14,10,MOVE_LEFT,2.455082971572347
13,10,MOVE_LEFT,2.807210976831084
19,9,MOVE_LEFT,1.4007036877549015
15,11,MOVE_LEFT,2.985297625083041
12,10,MOVE_UP,3.2322194898713663
5,13,MOVE_UP,3.1369262339600725
4,12,MOVE_LEFT,5.620452776488391
7,15,MOVE_RIGHT,1.6555270530455757
8,15,MOVE_UP,2.0258759119106458
9,14,MOVE_LEFT,2.416107294300044
8,14,MOVE_UP,2.5739361580858393
8,13,MOVE_UP,2.694513455619466
9,13,MOVE_DOWN,1.8935116896096214
7,13,MOVE_RIGHT,1.4410618992989224
9,14,MOVE_UP,1.3746352271872422
9,13,MOVE_UP,2.4007533390138645
9,12,MOVE_RIGHT,2.4018303217901735
14,10,MOVE_DOWN,1.540077149287124
14,11,MOVE_DOWN,1.3285859409469127
12,13,MOVE_DOWN,1.7866274118715713
12,14,MOVE_RIGHT,1.342804831765657
14,16,MOVE_RIGHT,1.3590665655440395
15,16,MOVE_RIGHT,1.1950527604320655
18,17,MOVE_UP,2.1585565267052496
13,12,MOVE_UP,1.4271864891175348
13,11,MOVE_LEFT,1.4713417109616902
14,10,MOVE_UP,2.7167353010633692
13,1,MOVE_DOWN,3.1099919579443736
15,3,MOVE_LEFT,4.546507310836545
14,8,MOVE_DOWN,2.3469950445493692
14,9,MOVE_DOWN,2.2262424238646403
16,12,MOVE_UP,1.6914460119251316
17,10,MOVE_LEFT,1.5255980428056877
17,4,MOVE_LEFT,2.3376260229219303
13,1,MOVE_LEFT,5.300546853549108
12,1,MOVE_UP,9.715968432435186
10,9,MOVE_RIGHT,5.105151681527898
11,10,MOVE_DOWN,1.898363464859051
10,9,MOVE_UP,3.7430498521380646
13,12,MOVE_LEFT,1.9126307091731751
12,12,MOVE_DOWN,1.608694856284588
18,16,MOVE_RIGHT,2.1795186294083493
16,15,MOVE_LEFT,1.260833912881
14,9,MOVE_RIGHT,1.8629140891404936
5,10,MOVE_LEFT,12.620125496485118
8,13,MOVE_RIGHT,2.1225275663668057
9,14,MOVE_DOWN,1.6524320424084518
16,13,MOVE_UP,1.6651247271988616
5,13,MOVE_LEFT,2.110980209471939
1,14,MOVE_LEFT,1.967945842186493
0,16,MOVE_RIGHT,1.5762054594592572
2,18,MOVE_UP,1.6806499220718727
4,17,MOVE_UP,1.4179303369789569
4,16,MOVE_RIGHT,1.419187900681
6,18,MOVE_UP,1.6771275274800663
11,19,MOVE_UP,1.5351481442641823
10,14,MOVE_LEFT,1.9491175859291128
16,10,MOVE_LEFT,1.946050514031347
15,10,MOVE_LEFT,1.96154075305696
11,11,MOVE_LEFT,2.373474808922124
13,16,MOVE_UP,1.54214040552236
15,14,MOVE_RIGHT,1.7481981402645879
17,12,MOVE_LEFT,1.865245482699411
16,9,MOVE_RIGHT,1.7426357828795718
13,12,MOVE_RIGHT,2.0236422224018953
14,12,MOVE_DOWN,1.6845698322546019
5,18,MOVE_UP,1.1955940227258637
4,14,MOVE_LEFT,1.7076676949275442
3,14,MOVE_LEFT,1.6934848018654276
2,15,MOVE_DOWN,1.65167870528856
10,13,MOVE_DOWN,1.3030864771395103
10,18,MOVE_RIGHT,1.3092360659629114
12,18,MOVE_UP,1.5770735956787068
14,17,MOVE_RIGHT,1.6151075763272926
17,16,MOVE_UP,1.6444069363500529
9,11,MOVE_RIGHT,1.711473552061347
5,17,MOVE_UP,1.1914920241
4,16,MOVE_LEFT,1.3387101570813433
1,18,MOVE_DOWN,1.2609808505335118
0,17,MOVE_RIGHT,1.2992649785334751
4,14,MOVE_DOWN,1.2330019774398004
6,16,MOVE_LEFT,1.1914920241
8,17,MOVE_DOWN,1.1955073004361385
12,19,MOVE_UP,1.3312790907146446
13,18,MOVE_DOWN,1.2974468506940262
16,16,MOVE_LEFT,1.2825981391407388
14,19,MOVE_LEFT,1.3237291501616748
14,18,MOVE_UP,1.3800711490325595
14,16,MOVE_LEFT,1.1868422970057928
13,17,MOVE_LEFT,1.2908864579965191
12,17,MOVE_UP,1.2352678483023003
12,14,MOVE_UP,1.43855493982405
13,0,MOVE_DOWN,2.574262415504085
15,5,MOVE_RIGHT,1.5628311124927383
17,8,MOVE_LEFT,1.7753631815798565
